[
  {
    "id": "BR",
    "nome": "Brasil"
  },
  {
    "id": "AC",
    "nome": "Acre"
  },
  {
    "id": "AL",
    "nome": "Alagoas"
  },
  {
    "id": "AM",
    "nome": "Amazonas"
  },
  {
    "id": "AP",
    "nome": "Amapá"
  },
  {
    "id": "BA",
    "nome": "Bahia"
  },
  {
    "id": "CE",
    "nome": "Ceará"
  },
  {
    "id": "DF",
    "nome": "Distrito Federal"
  },
  {
    "id": "ES",
    "nome": "Espírito Santo"
  },
  {
    "id": "GO",
    "nome": "Goiás"
  },
  {
    "id": "MA",
    "nome": "Maranhão"
  },
  {
    "id": "MG",
    "nome": "Minas Gerais"
  },
  {
    "id": "MT",
    "nome": "Mato Grosso"
  },
  {
    "id": "MS",
    "nome": "Mato Grosso do Sul"
  },
  {
    "id": "PA",
    "nome": "Pará"
  },
  {
    "id": "PB",
    "nome": "Paraíba"
  },
  {
    "id": "PE",
    "nome": "Pernambuco"
  },
  {
    "id": "PI",
    "nome": "Piauí"
  },
  {
    "id": "PR",
    "nome": "Paraná"
  },
  {
    "id": "RJ",
    "nome": "Rio de Janeiro"
  },
  {
    "id": "RN",
    "nome": "Rio Grande do Norte"
  },
  {
    "id": "RS",
    "nome": "Rio Grande do Sul"
  },
  {
    "id": "RO",
    "nome": "Rondônia"
  },
  {
    "id": "RR",
    "nome": "Roraima"
  },
  {
    "id": "SC",
    "nome": "Santa Catarina"
  },
  {
    "id": "SE",
    "nome": "Sergipe"
  },
  {
    "id": "SP",
    "nome": "São Paulo"
  },
  {
    "id": "TO",
    "nome": "Tocantins"
  },
  {
    "id": "ZZ",
    "nome": "Exterior"
  }
]
