[
  {
    "BR": "Brasil",
    "AC": "Acre",
    "AL": "Alagoas",
    "AM": "Amazonas",
    "AP": "Amapá",
    "BA": "Bahia",
    "CE": "Ceará",
    "DF": "Distrito Federal",
    "ES": "Espírito Santo",
    "GO": "Goiás",
    "MA": "Maranhão",
    "MG": "Minas Gerais",
    "MT": "Mato Grosso",
    "MS": "Mato Grosso do Sul",
    "PA": "Pará",
    "PB": "Paraíba",
    "PE": "Pernambuco",
    "PI": "Piauí",
    "PR": "Paraná",
    "RJ": "Rio de Janeiro",
    "RN": "Rio Grande do Norte",
    "RS": "Rio Grande do Sul",
    "RO": "Rondônia",
    "RR": "Roraima",
    "SC": "Santa Catarina",
    "SE": "Sergipe",
    "SP": "São Paulo",
    "TO": "Tocantins",
    "ZZ": "Exterior"
  }
]
